run_id,epochs,lr,batch_size,window_size,hidden_dim,fc_dim,num_layers_lstm,loop_type,c_mse,c_mae,T_PM_mse,T_PM_mae,d50_mse,d50_mae,d90_mse,d90_mae,d10_mse,d10_mae,T_TM_mse,T_TM_mae
1752704269,30,0.0001,64,5,128,64,2,closed,4.048896866066382e-08,0.00015989256684096552,0.010995523168226285,0.07038519459760602,2.35490572938699e-12,1.1560933678341246e-06,3.363173342861848e-12,1.4538813519454806e-06,2.87532481713338e-12,1.293856243332882e-06,0.012734072884692069,0.06234476612552139
1752704269,30,0.0001,64,5,128,64,2,open,3.023212867107583e-07,0.0004041479693888043,0.09356198064631567,0.1863760745102378,1.65382908713846e-10,8.841353430671845e-06,3.622636163669226e-10,1.4568655261240924e-05,3.1187426441475545e-10,1.2016563751956062e-05,0.08453956927558323,0.16736011936631087
1752704376,30,0.0001,64,10,128,64,2,closed,2.984547756503123e-08,0.00011892035916579394,0.016818399461341064,0.0866957106605977,1.7267376188372775e-12,9.73465218699645e-07,2.5202676552663237e-12,1.2154343146272472e-06,1.984513879673325e-12,1.0480171785672633e-06,0.017276830324571252,0.08271408616637749
1752704376,30,0.0001,64,10,128,64,2,open,2.1228011502456963e-07,0.00028344411548081967,0.10898825693738064,0.1880706185401712,2.2836515854924342e-10,9.826333347552253e-06,8.618137334911827e-10,2.044147775490825e-05,1.8516071123856743e-10,9.229897108087379e-06,0.09138670466162928,0.16839219097518085
1752704479,30,0.0001,64,15,128,64,2,closed,2.3961503960470998e-08,9.857957674727115e-05,0.02293519523332798,0.11957449701799536,1.6950552718785933e-12,9.855314025113734e-07,4.0219190409393315e-12,1.6400037044798135e-06,3.446461315521302e-12,1.4899595647399667e-06,0.02732162914997186,0.1342295229684546
1752704479,30,0.0001,64,15,128,64,2,open,3.8935439514648544e-07,0.00032960402596809914,0.11800303666125327,0.20948684824835911,2.6753307721395326e-10,1.032645778363784e-05,7.117611614941579e-10,2.0493692261075187e-05,4.529214803876769e-10,1.4935418280801273e-05,0.11098326444334913,0.21331526432712974
1752704584,30,0.0001,64,20,128,64,2,closed,2.5003130281993667e-08,0.00011392043344336046,0.013345138570359214,0.07078325219259247,2.231351556194541e-12,1.111722386836737e-06,2.4651512474683763e-12,1.186350945630316e-06,2.6942992773534415e-12,1.2125360486671142e-06,0.013474974998769209,0.06251676829959306
1752704584,30,0.0001,64,20,128,64,2,open,2.0088664740119552e-07,0.0002950241001426661,0.09152807496089617,0.1564295610400625,3.6416346556512823e-10,1.1388748118234215e-05,7.413776242342002e-10,1.9306915682453142e-05,4.6356132226870034e-10,1.3981157609140917e-05,0.08014966614566212,0.12532409953817386
1752704687,30,0.0005,64,5,128,64,2,closed,1.1283220042534937e-08,6.830962745168379e-05,0.012733768206663169,0.07913269484640198,9.775207837890746e-13,7.555460247988462e-07,1.392529360630629e-12,9.241412635049841e-07,1.2059415546596642e-12,8.487886270886092e-07,0.01179849598106755,0.06479576545559575
1752704687,30,0.0005,64,5,128,64,2,open,2.021173046040855e-06,0.0006748082979079333,2.0132518921093903,0.6054341855096192,2.1331469533346977e-09,2.778146600730694e-05,7.546162933551702e-10,2.1437875270358048e-05,9.7417177127559e-10,2.2393673947958822e-05,1.9355165674859542,0.5778883855201512
1752704791,30,0.0005,64,10,128,64,2,closed,1.2523053935594708e-08,7.064025903335865e-05,0.008160749575035998,0.057229490066588645,6.396340811143662e-13,6.076079626965709e-07,8.984239207860813e-13,7.422195885470213e-07,7.457438092425434e-13,6.608096419599076e-07,0.008881260444963544,0.0518375958352438
1752704791,30,0.0005,64,10,128,64,2,open,2.514021731953419e-06,0.0006714032904431222,2.432572805206478,0.5531264020624926,2.6630239527845825e-09,2.3835396270282238e-05,6.89998636430646e-09,4.257724330670669e-05,9.792594871448424e-10,1.6380054354293773e-05,1.9677589940037208,0.4759321136365565
1752704899,30,0.0005,64,15,128,64,2,closed,2.5181334444592244e-08,0.00010971256951754499,0.009498435130548837,0.0699582666784938,1.5426871145142526e-12,8.313189496034968e-07,1.6055956745459813e-12,9.33071627710276e-07,2.4463511707468322e-12,1.2651511515092245e-06,0.010766590493574917,0.06956209416419505
1752704899,30,0.0005,64,15,128,64,2,open,1.2918055167878753e-06,0.0005915108362280962,0.3565755208999103,0.274821333045571,6.03643384147086e-10,1.7376634324337466e-05,7.929512837694028e-10,2.033005744220984e-05,1.2377954699955666e-09,2.8601134402674912e-05,0.3502144354044061,0.2594064957491749
1752705004,30,0.0005,64,20,128,64,2,closed,2.3922176632202248e-08,0.00012071873644211525,0.012230694644396498,0.07559969818677025,2.55911979086758e-12,1.3581814834314191e-06,2.8274839073611334e-12,1.4455041037342348e-06,2.9945449468865866e-12,1.473027070744349e-06,0.014676737569135737,0.07895874772693585
1752705004,30,0.0005,64,20,128,64,2,open,1.5769283445396693e-06,0.0009106590884249996,0.32345498035941456,0.29744952098808847,2.7310255176354667e-09,4.381247540971028e-05,2.640166795379921e-09,4.4476753140878885e-05,4.4812875317956585e-09,5.7091699135326976e-05,0.26657469005467194,0.24481530417695394
1752705108,30,0.001,64,5,128,64,2,closed,2.1099623195653337e-08,0.0001009003119291944,0.008997393871247426,0.07083312838040462,1.399334303213448e-12,9.019255069837838e-07,1.6594500367527782e-12,1.0118139025797642e-06,1.3003758494057335e-12,8.799143798031428e-07,0.010661684461733654,0.06911809163560532
1752705108,30,0.001,64,5,128,64,2,open,6.302528887882395e-06,0.001009977839308926,1.6073536349727306,0.4560609418273902,6.201511635388692e-10,1.6608935254869763e-05,1.8368666185652942e-09,3.1382749643797076e-05,1.5555695985529984e-09,2.8872631004696998e-05,1.4476489463468354,0.4174388232907549
1752705214,30,0.001,64,10,128,64,2,closed,1.9747080986822815e-08,9.104163536943468e-05,0.013131240767346276,0.08215621679913827,1.5446394414327434e-12,1.0145150885900297e-06,1.6973068160497135e-12,1.051480989222065e-06,1.5271477640453468e-12,9.892168494335437e-07,0.01296543265079194,0.08210690104757908
1752705214,30,0.001,64,10,128,64,2,open,5.175552610801799e-06,0.0015826683007133502,3.932890304340957,1.4197661704082378,2.5376862638400446e-09,4.1919919645257194e-05,1.883602714556539e-09,3.577852778326075e-05,5.388081928640279e-09,6.119334233784446e-05,3.1762546784249084,1.2598919370765653
1752705319,30,0.001,64,15,128,64,2,closed,2.48627430448877e-08,0.00011449253448391588,0.015388804136982681,0.09290536093476534,2.6956583877327412e-12,1.327508053671073e-06,2.2927170446483392e-12,1.0839170294582096e-06,3.239270661360548e-12,1.5173554662297912e-06,0.016816629358364293,0.09396008793524674
1752705319,30,0.001,64,15,128,64,2,open,1.8841289320459912e-06,0.0007678073687274939,0.29773707227830826,0.31746112321067343,1.421950322911236e-09,2.9634362327674338e-05,1.2936201404716356e-09,2.810232865026411e-05,3.000126932477519e-09,4.4980306549870774e-05,0.29931233729858275,0.28299053590628465
1752705424,30,0.001,64,20,128,64,2,closed,2.1939455857725132e-08,0.00011358540307235394,0.03383171944662893,0.1442298243866342,5.749417901340178e-12,1.77134278208354e-06,3.4859113289163125e-12,1.4665485316660987e-06,4.3668022428460025e-12,1.6772759729769076e-06,0.031801665564402046,0.1411843835448153
1752705424,30,0.001,64,20,128,64,2,open,2.680508186824415e-06,0.0010396117160091998,1.348407350667482,0.5525076799282147,1.0670698427666382e-08,6.241263294212314e-05,3.6887719592530815e-09,4.142096562101824e-05,2.2108072693035877e-09,3.428749619885011e-05,1.0628019229963552,0.47480416078528603
1752705532,50,0.0001,64,5,128,64,2,closed,1.6429864691789214e-08,8.577113162743129e-05,0.009847542671212146,0.06492710088504036,1.1562727944787712e-12,7.981164804333337e-07,1.8367413820465853e-12,1.0839552024115187e-06,9.968774109414003e-13,7.372718242923494e-07,0.01195876443195884,0.06832612841455349
1752705532,50,0.0001,64,5,128,64,2,open,2.624179072366025e-07,0.00031050039370385913,0.13715062773004993,0.22087595042626945,2.8195198296273743e-10,1.0625939946769848e-05,7.737471200188195e-10,2.2463739027637103e-05,5.677803719421089e-10,1.532443812205014e-05,0.1320704159858243,0.19594081777724168
1752705697,50,0.0001,64,10,128,64,2,closed,1.317682099232203e-08,7.20235007466628e-05,0.009127767600252683,0.05989785328702412,8.358140211166941e-13,6.689476173370728e-07,1.0067097214506172e-12,7.720152058548609e-07,9.403328029633159e-13,7.21272038380277e-07,0.009730254777262509,0.05068122595012789
1752705697,50,0.0001,64,10,128,64,2,open,2.8505340305139006e-07,0.00028740921536700133,0.08087477604491755,0.1377249006561404,2.0178544167308227e-10,9.429673591674055e-06,6.350864274479893e-10,1.7645039430399895e-05,2.8676304935315173e-10,1.1231344635337708e-05,0.0736580066924403,0.10700567371091263
1752705864,50,0.0001,64,15,128,64,2,closed,1.7056869892576473e-08,9.08998374794546e-05,0.01114787973821355,0.07703593897592968,8.524908975745338e-13,6.82483285795069e-07,1.2620492257326643e-12,8.626553702691979e-07,1.1846455763935732e-12,8.18619194830196e-07,0.0127799709581593,0.08426366226387116
1752705864,50,0.0001,64,15,128,64,2,open,1.838043445563405e-06,0.0005830038461272185,1.1810683574648075,0.35998046891727153,4.3753162747306276e-10,1.2589586667615029e-05,2.582378527292601e-09,3.101645052939162e-05,5.736159371570608e-10,1.566483670117793e-05,1.156906818023352,0.3590994137037502
1752706034,50,0.0001,64,20,128,64,2,closed,1.3786591867757843e-08,7.266245607414517e-05,0.010960703061503941,0.07097468595124641,1.1550583969986778e-12,8.208945078955831e-07,1.3178227709947274e-12,8.553914805392847e-07,1.5953672723664802e-12,1.022990918989747e-06,0.014166424956601276,0.07779962233845746
1752706034,50,0.0001,64,20,128,64,2,open,3.221218231959178e-06,0.0006886620055052877,3.817734630032308,0.6438265168630298,2.2280718064637774e-09,2.194291244778481e-05,6.92856678908541e-09,4.298464001504051e-05,7.513087467055371e-10,1.8913247136152583e-05,3.3289449782177214,0.6001618863568876
1752706202,50,0.0005,64,5,128,64,2,closed,1.3116227874531555e-08,7.824635087161493e-05,0.007860778603142124,0.0637319357164344,6.801298419543272e-13,6.211916919010155e-07,1.266474142570384e-12,9.209716298841284e-07,8.731545916157729e-13,7.253122723963298e-07,0.008596239226493625,0.05876656147035653
1752706202,50,0.0005,64,5,128,64,2,open,7.486100891974892e-07,0.0004817427216761161,0.2823177570216502,0.2728428992263835,2.8830955379834655e-10,1.308875899025947e-05,1.3892592328823322e-09,3.173226946464337e-05,4.080625325670819e-10,1.6380111921830327e-05,0.2742682676962057,0.27563341170844013
1752706369,50,0.0005,64,10,128,64,2,closed,1.0296568598836487e-08,7.519426472261759e-05,0.005362759818791562,0.050022662473581704,5.025861644024605e-13,5.285766801335956e-07,6.150685412611851e-13,6.094317104318578e-07,5.849422869211667e-13,5.698014428714531e-07,0.006190166959771468,0.053698550692552034
1752706369,50,0.0005,64,10,128,64,2,open,7.058958276418714e-06,0.0010611640725709567,4.397885273790058,0.7779033241489695,3.890511682130566e-09,3.092814371024675e-05,5.907898732227117e-09,3.871760475406969e-05,2.449327943706746e-09,2.9364047026942347e-05,3.84572605079743,0.6665564671938364
1752706536,50,0.0005,64,15,128,64,2,closed,1.5980117065569352e-08,9.638408301509571e-05,0.00794217833303655,0.06333153586236553,7.079098340953941e-13,6.264400985410868e-07,1.2076830178826594e-12,7.563615885994186e-07,1.1093276098149062e-12,8.423568690896863e-07,0.009038278448833518,0.06543275463234277
1752706536,50,0.0005,64,15,128,64,2,open,3.877318072277573e-06,0.0009316105160283863,0.8979750213544719,0.4214265857712462,1.8211105245458118e-09,2.405363357091474e-05,1.148171218734168e-09,2.3291254664270057e-05,2.2022783065265847e-09,3.107141061118316e-05,0.8478553749208508,0.376257265287102
1752706703,50,0.0005,64,20,128,64,2,closed,2.995188288187278e-08,0.0001456426316131266,0.006629666044989235,0.05382722582320132,1.4213934857872931e-12,7.770685507968977e-07,1.86765581737546e-12,1.0265568236129588e-06,6.789387702590411e-13,6.296950966299894e-07,0.0078404616139568,0.05961610726573484
1752706703,50,0.0005,64,20,128,64,2,open,3.941129816155369e-05,0.004793383379944486,70.8283421419251,6.392393363102963,6.019668792389987e-08,0.0002099050807704001,7.87719121275975e-08,0.00023985991482638712,2.425040321333626e-09,4.114308351547975e-05,65.42103676039655,6.0829321657121
1752706873,50,0.001,64,5,128,64,2,closed,1.1773580545274547e-08,7.484904466856201e-05,0.00706808800444308,0.059741652643708,1.009893508988348e-12,7.482953152385608e-07,1.382535817731149e-12,9.177132729658315e-07,9.77449648630501e-13,7.2467983855717e-07,0.009389492296429587,0.07073658486738567
1752706873,50,0.001,64,5,128,64,2,open,1.900656868568808e-06,0.0008092538506466708,0.6949070458475779,0.508685680879025,1.2748085108246811e-09,2.6450691398533622e-05,7.2584610564396475e-09,6.041056724697729e-05,1.8782640175422642e-09,3.219457847665889e-05,0.6079432793521907,0.4647603767048981
1752707042,50,0.001,64,10,128,64,2,closed,1.7287229935545946e-08,0.00010313475805980203,0.007246034252760755,0.06304822383694965,6.601530598954655e-13,5.95812744722194e-07,1.522301435360416e-12,9.797088393411682e-07,9.742762363933469e-13,7.574163545272572e-07,0.0075513937328181265,0.0587532873744644
1752707042,50,0.001,64,10,128,64,2,open,8.362492414299352e-06,0.0016134656537256805,4.56153520163987,1.0241169812544277,1.7248869516139724e-09,2.9200805751436996e-05,3.668412365482243e-09,4.346793298526016e-05,5.75338753803884e-09,5.547303896404416e-05,3.838867735718116,0.8176995988750377
1752707208,50,0.001,64,15,128,64,2,closed,2.1880395188481346e-08,9.763314504683933e-05,0.01778431587729814,0.11091355931689267,1.7958472757386989e-12,9.379791778864327e-07,1.6865034488167247e-12,8.966335169629759e-07,2.5153437289740578e-12,1.267722540122638e-06,0.010813750691750624,0.07361336154051193
1752707208,50,0.001,64,15,128,64,2,open,8.773904586171575e-06,0.0015105257260579958,9.868387284771618,1.5690012398110396,1.5319011606850776e-08,8.452082700190398e-05,3.287899463068459e-09,3.6194865929217395e-05,4.0771660435182564e-09,5.132354255800699e-05,9.192013623688819,1.4627642197680195
1752707376,50,0.001,64,20,128,64,2,closed,1.5399905026703205e-08,8.445442665092148e-05,0.015494296984288608,0.08300751237510165,2.6495328420635505e-12,1.3293905233069467e-06,1.9963852928154984e-12,1.0333333360292615e-06,1.656774536256694e-12,1.0669655877366801e-06,0.014630663861586958,0.07009725900579868
1752707376,50,0.001,64,20,128,64,2,open,3.23328180539319e-06,0.0010354769555661644,1.4652994078666988,0.5997161156043508,3.877467086413925e-09,4.439056051370023e-05,2.09727353302643e-09,3.65697406975848e-05,2.260091422308148e-09,3.855353308750653e-05,1.2788491915911657,0.5132805128663044
1752707543,70,0.0001,64,5,128,64,2,closed,1.529728761368073e-08,7.040387164140986e-05,0.006871353011959172,0.049403955244492814,9.877053136152216e-13,7.45194004843305e-07,1.045779187260974e-12,7.782739868734872e-07,1.2061902572639044e-12,8.027685678197933e-07,0.008246226360500672,0.04823773169371465
1752707543,70,0.0001,64,5,128,64,2,open,3.0155706737942296e-06,0.0006491804571018567,2.7454440196388057,0.5804769285477148,2.439359188326356e-09,2.5340662959753424e-05,3.7225488712267153e-09,2.936647953473094e-05,5.406003562134805e-10,1.5156661276605882e-05,2.738298311950433,0.5528377985853652
1752707772,70,0.0001,64,10,128,64,2,closed,1.2969166134418377e-08,7.96994925666087e-05,0.010814268183689323,0.07553509581860547,6.982880586715402e-13,6.166309147211219e-07,6.204268906461806e-13,6.020886864959032e-07,6.20876509879929e-13,5.96326543716963e-07,0.008635952344226396,0.05559507403933013
1752707772,70,0.0001,64,10,128,64,2,open,5.26149282716938e-07,0.0003591342941270242,0.18869447346460821,0.20997416604745922,5.464302919392466e-10,1.4167833750890497e-05,6.449924617305158e-10,1.7272406811484046e-05,4.095117808515683e-10,1.344830945774681e-05,0.16826452549705878,0.16983700475058824
1752707999,70,0.0001,64,15,128,64,2,closed,1.3106416360267773e-08,6.915123076271146e-05,0.007609855183202245,0.05778005852060922,5.457636339592467e-13,5.513849729040885e-07,9.475289266747634e-13,7.870358029407607e-07,7.026232055597679e-13,6.326481779470737e-07,0.008216016238471268,0.049284180883318936
1752707999,70,0.0001,64,15,128,64,2,open,7.287318262938699e-07,0.00041761458224103535,0.2330472282800397,0.20759141544749146,5.190724531048643e-10,1.5649411455808778e-05,1.1261703549044e-09,2.7828015224096935e-05,9.182377122591522e-10,2.1607228804860124e-05,0.22584368915501357,0.1743305873408965
1752708230,70,0.0001,64,20,128,64,2,closed,1.2793138579059572e-08,8.249246318651877e-05,0.007767129073810248,0.05537705331898423,5.908680425077933e-13,5.709193160975977e-07,2.4153512114892e-12,1.3312458555500105e-06,9.244401870273109e-13,7.576837020889827e-07,0.008939979195608003,0.048759462434022446
1752708230,70,0.0001,64,20,128,64,2,open,4.474754003940066e-05,0.0036427098516699495,55.14217851214384,3.9610429091685546,6.549677863177187e-09,4.9888186875285876e-05,6.166801477807487e-08,0.00015923486553578604,1.7913770778999624e-09,3.448869614592636e-05,51.259990036568794,3.784818612757609
1752708457,70,0.0005,64,5,128,64,2,closed,7.69077380685892e-09,5.33775421183934e-05,0.004212034005987962,0.041051206448810836,7.74900150736615e-13,6.560584841225744e-07,1.1811038698926815e-12,8.577336891700515e-07,5.905974558444218e-13,5.925286169530459e-07,0.006596629413853009,0.049307056795943126
1752708457,70,0.0005,64,5,128,64,2,open,4.702194062642776e-06,0.0010929230983902003,2.871302578139204,0.8347461581339827,3.4750666871099604e-09,4.89665197576203e-05,5.097026160034232e-09,6.256222337695243e-05,3.797019591180202e-09,5.131106186840968e-05,2.9018231222824618,0.8171399908124863
1752708688,70,0.0005,64,10,128,64,2,closed,9.874554556276693e-09,6.663101497972611e-05,0.004480067792184963,0.04534175504958287,5.680598025730269e-13,5.666385862008306e-07,1.382687535166278e-12,9.935606418013996e-07,5.223358242146446e-13,5.328216275648106e-07,0.005613178492389045,0.04598431744090311
1752708688,70,0.0005,64,10,128,64,2,open,2.497254425459959e-06,0.0007867752017812363,2.0880326645449263,0.7153305706925511,1.1227656433026293e-09,2.281719976729284e-05,2.9391615221045027e-09,4.366134729323611e-05,1.0227655908140878e-09,2.4007963599848977e-05,1.98095546374392,0.6833426284603923
1752708914,70,0.0005,64,15,128,64,2,closed,1.2808991829387381e-08,7.895269201810943e-05,0.007148615133436461,0.06547657828012775,4.457692394523154e-13,5.065333926674306e-07,5.679065878801077e-13,5.710140434539083e-07,7.456933092619831e-13,6.949494465012714e-07,0.006787510196911061,0.06217459368682116
1752708914,70,0.0005,64,15,128,64,2,open,2.4203466435485147e-05,0.002726447162238227,9.248575997645156,1.4826627878628538,2.354867032669827e-09,3.1497930919250676e-05,8.817846454575137e-09,7.252104794493502e-05,2.02708058120842e-09,3.261533665982763e-05,9.337258758032991,1.4735799573637869
1752709138,70,0.0005,64,20,128,64,2,closed,1.9259766569622672e-08,0.00011844697304036936,0.004665695089889978,0.0454989673227015,1.7426701215139933e-12,1.1651049628134831e-06,8.894878952070331e-13,7.740188189848131e-07,1.2910108339030472e-12,8.666925860578621e-07,0.005349539066524933,0.04176279427409558
1752709138,70,0.0005,64,20,128,64,2,open,3.115391236217026e-06,0.0010805147757832908,1.0074537652933,0.39866531291022755,1.4586736636258152e-09,3.02163260782771e-05,2.2886431100713965e-09,3.8064325109522e-05,1.8594257125666285e-09,3.444353474418883e-05,0.8928839091912802,0.3628082619045139
1752709367,70,0.001,64,5,128,64,2,closed,1.5325579680253916e-08,8.614074876834835e-05,0.011342982296970798,0.06677632125111674,8.954846388229594e-13,6.597699743820862e-07,1.7865001739693542e-12,9.311882559393418e-07,1.0577305380364473e-12,6.598321151649604e-07,0.012690574819271671,0.06397157005512007
1752709367,70,0.001,64,5,128,64,2,open,1.627031615216402e-05,0.001653880485895002,7.0110837199088945,1.1293615162199557,8.536640794905236e-10,1.853966137599109e-05,2.4468561929734216e-09,3.438553978094828e-05,3.005533379417693e-09,3.208764389157064e-05,6.335265351014267,1.0665440512036555
1752709592,70,0.001,64,10,128,64,2,closed,4.171991187080992e-08,0.00015595158666330348,0.013237032347741642,0.07786396285145405,1.0482399788407973e-12,8.282354633209947e-07,1.2711300546594707e-12,8.561358600039788e-07,8.998067062042871e-13,7.152312601487883e-07,0.01498637533588285,0.08306721278956236
1752709592,70,0.001,64,10,128,64,2,open,1.8060831380310417e-05,0.0025990533228456036,13.012811027463357,2.0195025339278785,1.1023113000495134e-08,8.613276227348468e-05,2.3607140979108723e-08,0.00012078572894167126,5.427247620953005e-09,6.377009224466898e-05,12.84316772621101,2.124797717410001
1752709823,70,0.001,64,15,128,64,2,closed,1.0740531888953342e-08,7.623277382527893e-05,0.010286545827827176,0.07424304244099734,8.540441539981203e-13,6.878848331631711e-07,9.87972319899899e-13,7.586577331164646e-07,1.6946278254260341e-12,1.0730568622942893e-06,0.010920909583877739,0.07548992219043488
1752709823,70,0.001,64,15,128,64,2,open,1.0879804316805533e-05,0.0020068989318294717,6.076678670036074,1.0949092864715158,9.624425034339902e-09,8.553525039552528e-05,6.0310204264955085e-09,6.254597577615502e-05,5.771568285527608e-09,6.371359425486076e-05,5.727312543009107,1.1011539439356794
1752710053,70,0.001,64,20,128,64,2,closed,1.9977484149127975e-08,0.00011569255199686752,0.006644096347208031,0.06195601664046665,1.464756346326194e-12,1.0254471905485299e-06,3.1177110922282705e-12,1.5255669860763185e-06,2.8974894309794844e-12,1.458675930900908e-06,0.0074707198042573255,0.06617232091072349
1752710053,70,0.001,64,20,128,64,2,open,1.1726256071474701e-05,0.002175689303476003,8.90960171856593,1.7635207537015998,3.539723484787371e-09,5.036545396979712e-05,8.391703784155537e-09,8.150627268313702e-05,3.5304652136039743e-09,5.0757649737316306e-05,5.593959800959388,1.4002015310765725
1752710281,90,0.0001,64,5,128,64,2,closed,9.134952604838272e-09,5.917670143735247e-05,0.0070898884104438125,0.05607342111374366,1.139529390548038e-12,7.837190277345419e-07,8.256259253567999e-13,6.989796281715474e-07,7.696357685246879e-13,6.364800313418264e-07,0.008530686481530141,0.05683072424271743
1752710281,90,0.0001,64,5,128,64,2,open,4.6085756325063765e-06,0.0008407712936956766,6.9459666079745634,0.9740506065105162,5.385863264633048e-09,3.9779405293485574e-05,8.111225419314301e-09,4.892303077941274e-05,9.652586112282417e-10,2.1481820225747084e-05,6.375865352510513,0.9045653834826884
1752710572,90,0.0001,64,10,128,64,2,closed,1.0318369066561955e-08,7.578994771838772e-05,0.005797510364900931,0.05023433239906542,3.891973756163732e-13,4.612526369795584e-07,8.923190179945942e-13,7.807351532671332e-07,3.9134496659073787e-13,4.768389275004924e-07,0.006217782355137526,0.04392658997952522
1752710572,90,0.0001,64,10,128,64,2,open,7.714224989866028e-07,0.00046809697295557666,0.22013855428906867,0.20069556045186793,7.00123311964375e-10,1.6995681026483758e-05,2.0032980186399705e-09,3.60737472581824e-05,4.877584297961463e-10,1.550569032480249e-05,0.20344269454387004,0.17164099757420215
1752710861,90,0.0001,64,15,128,64,2,closed,1.2855152351279258e-08,8.446334016299828e-05,0.009600289359477753,0.07340352369975331,7.530029346718037e-13,6.281081377234838e-07,6.117424424378319e-13,6.011215864417056e-07,8.930661682696639e-13,7.343602089337594e-07,0.009229374043757472,0.06517693025442259
1752710861,90,0.0001,64,15,128,64,2,open,1.9926045121868894e-06,0.0007054872482208296,0.8813959516187705,0.3879324900090574,1.7849299014512778e-09,2.4264405516985554e-05,1.40808603759458e-09,2.2945111597664105e-05,2.2744711827365626e-09,3.112947806451437e-05,0.8016185467600877,0.35505800651542485
1752711151,90,0.0001,64,20,128,64,2,closed,9.125582505530062e-09,6.030764043679676e-05,0.007540329599382462,0.0560251815539961,1.206852626793289e-12,7.89367002543931e-07,6.82468690383018e-13,6.393205137814067e-07,5.852039089064672e-13,5.652614256375466e-07,0.008012007927663338,0.04989473280164669
1752711151,90,0.0001,64,20,128,64,2,open,3.091246953028431e-06,0.0006184760117755572,3.7228219794679,0.6126795270833919,2.9648284336801884e-09,3.181976483862907e-05,6.384663903942435e-09,4.288457914177259e-05,1.617216249347037e-09,2.3616592353602488e-05,3.6300302788842145,0.5614848639892098
1752711443,90,0.0005,64,5,128,64,2,closed,6.655065134496766e-09,5.6621290742533556e-05,0.006799171844518917,0.06505971245922004,8.74938886700222e-13,7.430892170775451e-07,1.0622410067888505e-12,7.630102066150754e-07,8.329650747986251e-13,6.860240368394985e-07,0.00932018603346201,0.07411515660433592
1752711443,90,0.0005,64,5,128,64,2,open,1.884315125590182e-06,0.0006648710907037724,1.6241369096559697,0.5613539196479765,9.40426600193641e-10,2.1183497878530447e-05,1.4840325092700492e-09,2.6646867657153785e-05,1.683219891084217e-09,2.740565337282624e-05,1.622798816118936,0.5563792108206567
1752711734,90,0.0005,64,10,128,64,2,closed,8.364032443816047e-09,6.567546042942803e-05,0.003805811098227793,0.04531716484652031,6.686280556815921e-13,5.5083348746974e-07,1.151386782630829e-12,8.308705177419491e-07,5.071546795389396e-13,5.268203184565248e-07,0.00521880257032316,0.0528736046247479
1752711734,90,0.0005,64,10,128,64,2,open,1.0430363018422238e-05,0.001485846803349599,5.7701075603239165,1.1014297925436733,1.7315078634010754e-09,2.6335795865201088e-05,3.6488879314560607e-09,4.1213076732721224e-05,1.3543004689678494e-09,2.4107323590000188e-05,5.223475316188905,1.0425896309059022
1752712023,90,0.0005,64,15,128,64,2,closed,1.4920405516390732e-08,7.603145350319045e-05,0.00324222335342314,0.03992655627500939,1.0904104740752544e-12,8.330294302550618e-07,5.297840822750728e-13,5.54120153492281e-07,1.1571780500558523e-12,9.07391363661639e-07,0.0029702578934471726,0.03490811000738642
1752712023,90,0.0005,64,15,128,64,2,open,1.9336405051146296e-05,0.0024921574717830294,11.347818063385649,1.8193890796863514,6.546209905224749e-09,4.909220628736848e-05,1.1263720518577832e-08,6.666415903838412e-05,2.376110547304668e-09,3.7776496670676285e-05,10.513199814994103,1.7306361863602517
1752712318,90,0.0005,64,20,128,64,2,closed,8.228807121077237e-09,6.810327608784285e-05,0.006862811985331372,0.05287995516856071,1.6328741735237553e-12,1.0169293902500162e-06,1.3028954335095362e-12,9.45899425565516e-07,5.074288819836043e-13,5.320540095539263e-07,0.007371018492494833,0.051540947477245816
1752712318,90,0.0005,64,20,128,64,2,open,9.122331117482287e-05,0.006767225828880787,89.62231189863488,6.833104647902987,3.5747551774821174e-08,0.00015092814376629543,6.514575148114121e-08,0.0002036692274652841,5.324864448371004e-09,5.4709413891130544e-05,86.00389427253046,6.633722496062006
1752712614,90,0.001,64,5,128,64,2,closed,6.973844404357083e-09,5.678322596588671e-05,0.00448646269245581,0.050303662913503015,8.665127762839697e-13,5.951699089603326e-07,9.388857490437653e-13,7.1201525860684e-07,1.0045826438131796e-12,7.574993609562408e-07,0.00499221915023817,0.05150870648579334
1752712614,90,0.001,64,5,128,64,2,open,4.904260064786442e-06,0.0009372139109020963,2.005339002996938,0.6008765721622967,1.538392437849389e-09,2.587664076317543e-05,1.5700298778663946e-09,2.5963219801395606e-05,1.753737039174709e-09,3.510300329375701e-05,1.8171944494509618,0.5344065706588054
1752712903,90,0.001,64,10,128,64,2,closed,9.255661239172185e-09,6.695004115899622e-05,0.005034090687658379,0.04674916066291429,2.0385173915790996e-12,1.159229759289372e-06,2.07442129992061e-12,1.163204442980782e-06,2.099084071048061e-12,1.094307346204073e-06,0.006642026247858599,0.05685632519434357
1752712903,90,0.001,64,10,128,64,2,open,2.7910723901545397e-06,0.0008930116320707866,1.7653104521285106,0.6934489300151088,1.7116745644505353e-09,3.380366714923399e-05,1.8111679656970829e-09,3.305064422807072e-05,3.1440992720547987e-09,4.2252098264457025e-05,1.5881945471750947,0.6250725354442898
1752713193,90,0.001,64,15,128,64,2,closed,1.5381669221445275e-08,9.437361936067966e-05,0.005750552082244814,0.056506731222864114,1.564824295491102e-12,7.989140061006015e-07,1.4214284718857745e-12,9.02687355652811e-07,1.872317823533889e-12,1.0607532492311678e-06,0.00685636961924595,0.060809269598208086
1752713193,90,0.001,64,15,128,64,2,open,5.5036162204424715e-06,0.0013821481229608188,3.6098546032119367,1.0670462338425404,3.203649336938408e-09,4.5066900271453955e-05,4.014581496194185e-09,4.8538827101985834e-05,7.506949781099783e-09,7.666612553689466e-05,3.2354962797926548,0.9931423787001608
1752713482,90,0.001,64,20,128,64,2,closed,9.547141108222964e-09,7.193423552974011e-05,0.013349598096860649,0.0901560424280659,5.781183046651652e-13,5.61856682060124e-07,7.546339875620068e-13,6.633822230350244e-07,1.1852295397484352e-12,8.389009480855347e-07,0.008689019030151382,0.06568496962284556
1752713482,90,0.001,64,20,128,64,2,open,3.4187481583349253e-06,0.0010214962620310746,3.1502224709990054,0.7941257917204982,1.1929540954787145e-09,2.3016289435172276e-05,9.93699041508828e-10,2.387127774444655e-05,2.1389248851504733e-09,3.49107524112852e-05,3.2637118388178905,0.7258174946831248
